created_date,transaction_id,transaction_type,transaction_amount,user_id,first_login_date
6/10/2023,GDP23061032292866A,apple,9693.75,66438777,6/8/2023
6/11/2023,GDP23061132297778A,apple,9693.75,66438777,6/8/2023
6/8/2023,GDP23060832281857A,apple,19485.41667,66438777,6/8/2023
6/9/2023,GDP23060932290365A,apple,19485.41667,66438777,6/8/2023
6/10/2023,GDP23061032296255G,google,9693.75,66496542,6/10/2023
6/10/2023,GDP23061032293588B,bank,83333.33333,66174632,4/14/2023
6/9/2023,GDP23060932285182B,bank,41666.66667,66174632,4/14/2023
6/9/2023,GDP23060932285184B,bank,41666.66667,66174632,4/14/2023
6/9/2023,GDP23060932285200B,bank,41666.66667,66174632,4/14/2023
6/10/2023,GDP23061032293570B,bank,125000,66174632,4/14/2023
6/11/2023,GDP23061132297545B,bank,125000,66174632,4/14/2023
6/6/2023,GDP23060632268062B,bank,208333.3333,66174632,4/14/2023
6/6/2023,GDP23060632268273B,bank,208333.3333,66174632,4/14/2023
6/9/2023,GDP23060932284434B,bank,208333.3333,66174632,4/14/2023
6/9/2023,GDP23060932285206B,bank,208333.3333,66174632,4/14/2023
6/10/2023,GDP23061032292294B,bank,208333.3333,66174632,4/14/2023
6/10/2023,GDP23061032292316B,bank,208333.3333,66174632,4/14/2023
6/14/2023,GDP23061432319189B,bank,208333.3333,66174632,4/14/2023
6/15/2023,GDP23061532319938B,bank,208333.3333,66174632,4/14/2023
6/15/2023,GDP23061532319940B,bank,83333.33333,66174632,4/14/2023
6/16/2023,GDP23061632326583B,bank,208333.3333,66174632,4/14/2023
6/16/2023,GDP23061632326766B,bank,125000,66174632,4/14/2023
6/26/2023,GDP23062632393702B,bank,83333.33333,66174632,4/14/2023
6/18/2023,GDP23061832342225B,bank,41666.66667,66174632,4/14/2023
6/26/2023,GDP23062632393739B,bank,125000,66174632,4/14/2023
6/23/2023,GDP23062332373627B,bank,125000,66174632,4/14/2023
6/22/2023,GDP23062232367717B,bank,125000,66174632,4/14/2023
6/30/2023,GDP23063032425826B,bank,208333.3333,66174632,4/14/2023
6/30/2023,GDP23063032425861B,bank,208333.3333,66174632,4/14/2023
6/26/2023,GDP23062632393709B,bank,208333.3333,66174632,4/14/2023
6/23/2023,GDP23062332373356B,bank,208333.3333,66174632,4/14/2023
6/18/2023,GDP23061832341180B,bank,208333.3333,66174632,4/14/2023
6/18/2023,GDP23061832341194B,bank,208333.3333,66174632,4/14/2023
6/18/2023,GDP23061832341240B,bank,208333.3333,66174632,4/14/2023
6/20/2023,GDP23062032352453B,bank,208333.3333,66174632,4/14/2023
6/30/2023,GDP23063032421739B,bank,208333.3333,66174632,4/14/2023
6/5/2023,GDP23060532258055E,ewallet,83333.33333,66175244,4/14/2023
6/8/2023,GDP23060832277142E,ewallet,20833.33333,63710652,4/27/2023
6/8/2023,GDP23060832283086E,ewallet,20833.33333,63710652,4/27/2023
6/8/2023,GDP23060832277144E,ewallet,4166.666667,63710652,4/27/2023
6/5/2023,GDP23060532258065E,ewallet,8333.333333,63710652,4/27/2023
6/12/2023,GDP23061232305840E,ewallet,8333.333333,63710652,4/27/2023
6/19/2023,GDP23061932351382E,ewallet,41666.66667,63710652,4/27/2023
6/19/2023,GDP23061932351617E,ewallet,125000,63710652,4/27/2023
6/22/2023,GDP23062232368281E,ewallet,20833.33333,63710652,4/27/2023
6/22/2023,GDP23062232371159E,ewallet,20833.33333,63710652,4/27/2023
6/19/2023,GDP23061932350668E,ewallet,41666.66667,63710652,4/27/2023
6/26/2023,GDP23062632396922E,ewallet,8333.333333,63710652,4/27/2023
6/20/2023,GDP23062032353979E,ewallet,8333.333333,63710652,4/27/2023
6/19/2023,GDP23061932349299E,ewallet,8333.333333,63710652,4/27/2023
6/23/2023,GDP23062332376510E,ewallet,8333.333333,63710652,4/27/2023
6/24/2023,GDP23062432383972E,ewallet,8333.333333,63710652,4/27/2023
6/25/2023,GDP23062532390205E,ewallet,8333.333333,63710652,4/27/2023
6/27/2023,GDP23062732402805E,ewallet,8333.333333,63710652,4/27/2023
6/19/2023,GDP23061932350515E,ewallet,208333.3333,63710652,4/27/2023
6/27/2023,GDP23062732405995G,google,9693.75,54221026,9/16/2020
6/29/2023,GDP23062932414705G,google,9693.75,54221026,9/16/2020
6/22/2023,GDP23062232372556C,card,4166.666667,66530371,6/21/2023
6/26/2023,GDP23062632398841C,card,20833.33333,62973580,5/24/2021
6/24/2023,GDP23062432385026C,card,41666.66667,62973580,5/24/2021
6/24/2023,GDP23062432385573C,card,41666.66667,62973580,5/24/2021
6/24/2023,GDP23062432385595C,card,41666.66667,62973580,5/24/2021
6/24/2023,GDP23062432385602C,card,41666.66667,62973580,5/24/2021
6/24/2023,GDP23062432385611C,card,41666.66667,62973580,5/24/2021
6/26/2023,GDP23062632398828C,card,208333.3333,62973580,5/24/2021
6/23/2023,GDP23062332378507C,card,208333.3333,62973580,5/24/2021
6/4/2023,GDP23060432253064G,google,9693.75,64834342,6/3/2023
6/11/2023,GDP23061132298460G,google,9693.75,64834342,6/3/2023
6/10/2023,GDP23061032296113A,apple,9693.75,59855098,6/10/2023
6/10/2023,GDP23061032296133A,apple,9693.75,59855098,6/10/2023
6/10/2023,GDP23061032292798A,apple,19485.41667,59855098,6/10/2023
6/10/2023,GDP23061032293789G,google,9693.75,66494601,6/10/2023
6/10/2023,GDP23061032295390G,google,9693.75,66496194,6/10/2023
6/5/2023,GDP23060532258856C,card,208333.3333,66397659,5/25/2023
6/5/2023,GDP23060532258873C,card,208333.3333,66397659,5/25/2023
6/9/2023,GDP23060932289924C,card,208333.3333,66397659,5/25/2023
6/5/2023,GDP23060532258866C,card,416666.6667,66397659,5/25/2023
6/9/2023,GDP23060932289920C,card,416666.6667,66397659,5/25/2023
6/1/2023,GDP23060132240057A,apple,9693.75,66397659,5/25/2023
6/1/2023,GDP23060132241729A,apple,48860.41667,66397659,5/25/2023
6/2/2023,GDP23060232242426A,apple,48860.41667,66397659,5/25/2023
6/16/2023,GDP23061632331191C,card,83333.33333,66397659,5/25/2023
6/16/2023,GDP23061632331211C,card,83333.33333,66397659,5/25/2023
6/16/2023,GDP23061632331215C,card,41666.66667,66397659,5/25/2023
6/24/2023,GDP23062432381050E,ewallet,208333.3333,66397659,5/25/2023
6/16/2023,GDP23061632331204C,card,416666.6667,66397659,5/25/2023
6/29/2023,GDP23062932414519E,ewallet,8333.333333,28965574,2/2/2021
6/30/2023,GDP23063032420932E,ewallet,8333.333333,28965574,2/2/2021
6/29/2023,GDP23062932418548E,ewallet,41666.66667,28965574,2/2/2021
6/3/2023,GDP23060332248863B,bank,41666.66667,63431300,7/19/2021
6/3/2023,GDP23060332248858B,bank,41666.66667,63431300,7/19/2021
6/10/2023,GDP23061032291937B,bank,41666.66667,63431300,7/19/2021
6/10/2023,GDP23061032291939B,bank,41666.66667,63431300,7/19/2021
6/10/2023,GDP23061032291943B,bank,41666.66667,63431300,7/19/2021
6/10/2023,GDP23061032291948B,bank,41666.66667,63431300,7/19/2021
6/10/2023,GDP23061032291950B,bank,41666.66667,63431300,7/19/2021
6/10/2023,GDP23061032291953B,bank,208333.3333,63431300,7/19/2021
6/8/2023,GDP23060832278279B,bank,416666.6667,63431300,7/19/2021
6/12/2023,GDP23061232307877B,bank,416666.6667,63431300,7/19/2021
6/15/2023,GDP23061532321892B,bank,416666.6667,63431300,7/19/2021
6/14/2023,GDP23061432314150B,bank,416666.6667,63431300,7/19/2021
6/14/2023,GDP23061432314152B,bank,416666.6667,63431300,7/19/2021
6/14/2023,GDP23061432314207B,bank,416666.6667,63431300,7/19/2021
6/3/2023,GDP23060332246953E,ewallet,208333.3333,63431300,7/19/2021
6/15/2023,GDP23061532321750E,ewallet,416666.6667,63431300,7/19/2021
6/16/2023,GDP23061632326520E,ewallet,208333.3333,63431300,7/19/2021
6/16/2023,GDP23061632326526E,ewallet,41666.66667,63431300,7/19/2021
6/16/2023,GDP23061632326529E,ewallet,41666.66667,63431300,7/19/2021
6/24/2023,GDP23062432380462B,bank,41666.66667,63431300,7/19/2021
6/24/2023,GDP23062432380464B,bank,41666.66667,63431300,7/19/2021
6/24/2023,GDP23062432380465B,bank,41666.66667,63431300,7/19/2021
6/24/2023,GDP23062432380466B,bank,41666.66667,63431300,7/19/2021
6/24/2023,GDP23062432380472B,bank,41666.66667,63431300,7/19/2021
6/24/2023,GDP23062432380467B,bank,41666.66667,63431300,7/19/2021
6/24/2023,GDP23062432380463B,bank,41666.66667,63431300,7/19/2021
6/28/2023,GDP23062832406576E,ewallet,41666.66667,63431300,7/19/2021
6/28/2023,GDP23062832406579E,ewallet,41666.66667,63431300,7/19/2021
6/21/2023,GDP23062132359354E,ewallet,41666.66667,63431300,7/19/2021
6/21/2023,GDP23062132359358E,ewallet,41666.66667,63431300,7/19/2021
6/22/2023,GDP23062232367488E,ewallet,41666.66667,63431300,7/19/2021
6/22/2023,GDP23062232367495E,ewallet,41666.66667,63431300,7/19/2021
6/29/2023,GDP23062932413375B,bank,208333.3333,63431300,7/19/2021
6/29/2023,GDP23062932413382B,bank,208333.3333,63431300,7/19/2021
6/29/2023,GDP23062932413378B,bank,208333.3333,63431300,7/19/2021
6/29/2023,GDP23062932413380B,bank,208333.3333,63431300,7/19/2021
6/28/2023,GDP23062832406569E,ewallet,208333.3333,63431300,7/19/2021
6/21/2023,GDP23062132359345E,ewallet,208333.3333,63431300,7/19/2021
6/22/2023,GDP23062232367472E,ewallet,208333.3333,63431300,7/19/2021
6/24/2023,GDP23062432385610E,ewallet,20833.33333,65949513,1/7/2023
6/24/2023,GDP23062432385621E,ewallet,20833.33333,65949513,1/7/2023
6/24/2023,GDP23062432385631E,ewallet,20833.33333,65949513,1/7/2023
6/24/2023,GDP23062432385635E,ewallet,20833.33333,65949513,1/7/2023
6/24/2023,GDP23062432385643E,ewallet,20833.33333,65949513,1/7/2023
6/24/2023,GDP23062432385677E,ewallet,20833.33333,65949513,1/7/2023
6/24/2023,GDP23062432385708E,ewallet,20833.33333,65949513,1/7/2023
6/24/2023,GDP23062432385714E,ewallet,20833.33333,65949513,1/7/2023
6/24/2023,GDP23062432385717E,ewallet,20833.33333,65949513,1/7/2023
6/24/2023,GDP23062432385719E,ewallet,20833.33333,65949513,1/7/2023
6/17/2023,GDP23061732338988E,ewallet,20833.33333,65949513,1/7/2023
6/17/2023,GDP23061732338992E,ewallet,20833.33333,65949513,1/7/2023
6/17/2023,GDP23061732338998E,ewallet,20833.33333,65949513,1/7/2023
6/17/2023,GDP23061732339004E,ewallet,20833.33333,65949513,1/7/2023
6/17/2023,GDP23061732339656E,ewallet,20833.33333,65949513,1/7/2023
6/17/2023,GDP23061732339665E,ewallet,20833.33333,65949513,1/7/2023
6/17/2023,GDP23061732338932E,ewallet,41666.66667,65949513,1/7/2023
6/17/2023,GDP23061732338954E,ewallet,41666.66667,65949513,1/7/2023
6/17/2023,GDP23061732338974E,ewallet,41666.66667,65949513,1/7/2023
6/16/2023,GDP23061632332866B,bank,208333.3333,65949513,1/7/2023
6/16/2023,GDP23061632332755B,bank,208333.3333,65949513,1/7/2023
6/17/2023,GDP23061732339673E,ewallet,208333.3333,65949513,1/7/2023
6/7/2023,GDP23060732270235A,apple,19485.41667,66434796,6/6/2023
6/9/2023,GDP23060932288733A,apple,48860.41667,66434796,6/6/2023
6/9/2023,GDP23060932290526G,google,19485.41667,66397224,5/25/2023
6/3/2023,GDP23060332247069E,ewallet,20833.33333,66170983,4/12/2023
6/3/2023,GDP23060332247074E,ewallet,20833.33333,66170983,4/12/2023
6/3/2023,GDP23060332247083E,ewallet,20833.33333,66170983,4/12/2023
6/3/2023,GDP23060332247088E,ewallet,20833.33333,66170983,4/12/2023
6/3/2023,GDP23060332247099E,ewallet,20833.33333,66170983,4/12/2023
6/3/2023,GDP23060332247095E,ewallet,20833.33333,66170983,4/12/2023
6/3/2023,GDP23060332247100E,ewallet,20833.33333,66170983,4/12/2023
6/3/2023,GDP23060332247102E,ewallet,20833.33333,66170983,4/12/2023
6/3/2023,GDP23060332247104E,ewallet,20833.33333,66170983,4/12/2023
6/3/2023,GDP23060332247106E,ewallet,20833.33333,66170983,4/12/2023
6/10/2023,GDP23061032292325E,ewallet,20833.33333,66170983,4/12/2023
6/10/2023,GDP23061032292326E,ewallet,20833.33333,66170983,4/12/2023
6/10/2023,GDP23061032292327E,ewallet,20833.33333,66170983,4/12/2023
6/10/2023,GDP23061032292332E,ewallet,20833.33333,66170983,4/12/2023
6/10/2023,GDP23061032292354E,ewallet,20833.33333,66170983,4/12/2023
6/10/2023,GDP23061032292361E,ewallet,20833.33333,66170983,4/12/2023
6/10/2023,GDP23061032292369E,ewallet,20833.33333,66170983,4/12/2023
6/10/2023,GDP23061032292371E,ewallet,20833.33333,66170983,4/12/2023
6/10/2023,GDP23061032292375E,ewallet,20833.33333,66170983,4/12/2023
6/10/2023,GDP23061032292374E,ewallet,20833.33333,66170983,4/12/2023
6/1/2023,GDP23060132241747E,ewallet,41666.66667,66170983,4/12/2023
6/1/2023,GDP23060132241735E,ewallet,208333.3333,66170983,4/12/2023
6/1/2023,GDP23060132241736E,ewallet,208333.3333,66170983,4/12/2023
6/1/2023,GDP23060132241743E,ewallet,208333.3333,66170983,4/12/2023
6/1/2023,GDP23060132241698E,ewallet,416666.6667,66170983,4/12/2023
6/24/2023,GDP23062432380430E,ewallet,20833.33333,66170983,4/12/2023
6/24/2023,GDP23062432380432E,ewallet,20833.33333,66170983,4/12/2023
6/24/2023,GDP23062432380434E,ewallet,20833.33333,66170983,4/12/2023
6/24/2023,GDP23062432380439E,ewallet,20833.33333,66170983,4/12/2023
6/24/2023,GDP23062432380443E,ewallet,20833.33333,66170983,4/12/2023
6/24/2023,GDP23062432380440E,ewallet,20833.33333,66170983,4/12/2023
6/24/2023,GDP23062432380438E,ewallet,20833.33333,66170983,4/12/2023
6/24/2023,GDP23062432380446E,ewallet,20833.33333,66170983,4/12/2023
6/24/2023,GDP23062432380448E,ewallet,20833.33333,66170983,4/12/2023
6/24/2023,GDP23062432380450E,ewallet,20833.33333,66170983,4/12/2023
6/17/2023,GDP23061732334664E,ewallet,20833.33333,66170983,4/12/2023
6/17/2023,GDP23061732334666E,ewallet,20833.33333,66170983,4/12/2023
6/17/2023,GDP23061732334669E,ewallet,20833.33333,66170983,4/12/2023
6/17/2023,GDP23061732334667E,ewallet,20833.33333,66170983,4/12/2023
6/17/2023,GDP23061732334672E,ewallet,20833.33333,66170983,4/12/2023
6/17/2023,GDP23061732334675E,ewallet,20833.33333,66170983,4/12/2023
6/17/2023,GDP23061732334677E,ewallet,20833.33333,66170983,4/12/2023
6/17/2023,GDP23061732334676E,ewallet,20833.33333,66170983,4/12/2023
6/17/2023,GDP23061732334678E,ewallet,20833.33333,66170983,4/12/2023
6/29/2023,GDP23062932413142B,bank,41666.66667,66170983,4/12/2023
6/29/2023,GDP23062932413121B,bank,41666.66667,66170983,4/12/2023
6/21/2023,GDP23062132363506B,bank,41666.66667,66170983,4/12/2023
6/21/2023,GDP23062132363455B,bank,41666.66667,66170983,4/12/2023
6/17/2023,GDP23061732334691E,ewallet,41666.66667,66170983,4/12/2023
6/21/2023,GDP23062132363489E,ewallet,41666.66667,66170983,4/12/2023
6/21/2023,GDP23062132363494E,ewallet,41666.66667,66170983,4/12/2023
6/21/2023,GDP23062132363496E,ewallet,41666.66667,66170983,4/12/2023
6/21/2023,GDP23062132363499E,ewallet,41666.66667,66170983,4/12/2023
6/21/2023,GDP23062132363500E,ewallet,41666.66667,66170983,4/12/2023
6/17/2023,GDP23061732336039E,ewallet,125000,66170983,4/12/2023
6/19/2023,GDP23061932345742E,ewallet,208333.3333,66170983,4/12/2023
6/19/2023,GDP23061932345744E,ewallet,208333.3333,66170983,4/12/2023
6/19/2023,GDP23061932348477E,ewallet,208333.3333,66170983,4/12/2023
6/22/2023,GDP23062232368878E,ewallet,20833.33333,66533604,6/22/2023
6/22/2023,GDP23062232368905E,ewallet,4166.666667,66533604,6/22/2023
6/10/2023,GDP23061032293109E,ewallet,41666.66667,62141790,7/16/2022
6/10/2023,GDP23061032293110E,ewallet,41666.66667,62141790,7/16/2022
6/10/2023,GDP23061032293111E,ewallet,41666.66667,62141790,7/16/2022
6/10/2023,GDP23061032293114E,ewallet,41666.66667,62141790,7/16/2022
6/10/2023,GDP23061032293115E,ewallet,41666.66667,62141790,7/16/2022
6/10/2023,GDP23061032293117E,ewallet,41666.66667,62141790,7/16/2022
6/10/2023,GDP23061032293118E,ewallet,41666.66667,62141790,7/16/2022
6/10/2023,GDP23061032293119E,ewallet,41666.66667,62141790,7/16/2022
6/10/2023,GDP23061032293120E,ewallet,41666.66667,62141790,7/16/2022
6/10/2023,GDP23061032293122E,ewallet,41666.66667,62141790,7/16/2022
6/12/2023,GDP23061232307890E,ewallet,208333.3333,62141790,7/16/2022
6/12/2023,GDP23061232307893E,ewallet,208333.3333,62141790,7/16/2022
6/14/2023,GDP23061432314375E,ewallet,416666.6667,62141790,7/16/2022
6/14/2023,GDP23061432314376E,ewallet,416666.6667,62141790,7/16/2022
6/15/2023,GDP23061532319924E,ewallet,208333.3333,62141790,7/16/2022
6/15/2023,GDP23061532319926E,ewallet,208333.3333,62141790,7/16/2022
6/14/2023,GDP23061432315685G,google,9693.75,19975990,11/13/2022
6/22/2023,GDP23062232369562C,card,8333.333333,59692350,6/22/2023
6/22/2023,GDP23062232369589C,card,8333.333333,59692350,6/22/2023
6/22/2023,GDP23062232369601C,card,8333.333333,59692350,6/22/2023
6/1/2023,GDP23060132241280G,google,9693.75,57845561,9/16/2020
6/1/2023,GDP23060132241283G,google,9693.75,57845561,9/16/2020
6/3/2023,GDP23060332247356G,google,9693.75,57845561,9/16/2020
6/1/2023,GDP23060132235806G,google,19485.41667,57845561,9/16/2020
6/1/2023,GDP23060132241277G,google,19485.41667,57845561,9/16/2020
6/2/2023,GDP23060232242142G,google,48860.41667,57845561,9/16/2020
6/22/2023,GDP23062232368067E,ewallet,12500,57845561,9/16/2020
6/19/2023,GDP23061932350613E,ewallet,83333.33333,57845561,9/16/2020
6/19/2023,GDP23061932350619E,ewallet,83333.33333,57845561,9/16/2020
6/19/2023,GDP23061932349883E,ewallet,83333.33333,57845561,9/16/2020
6/26/2023,GDP23062632398179E,ewallet,20833.33333,57845561,9/16/2020
6/26/2023,GDP23062632398211E,ewallet,20833.33333,57845561,9/16/2020
6/20/2023,GDP23062032351787E,ewallet,20833.33333,57845561,9/16/2020
6/19/2023,GDP23061932351556E,ewallet,20833.33333,57845561,9/16/2020
6/26/2023,GDP23062632398097E,ewallet,41666.66667,57845561,9/16/2020
6/19/2023,GDP23061932350741E,ewallet,41666.66667,57845561,9/16/2020
6/19/2023,GDP23061932351581E,ewallet,41666.66667,57845561,9/16/2020
6/21/2023,GDP23062132363350E,ewallet,8333.333333,57845561,9/16/2020
6/23/2023,GDP23062332375248E,ewallet,208333.3333,57845561,9/16/2020
6/24/2023,GDP23062432381351C,card,208333.3333,64520053,3/4/2022
6/9/2023,GDP23060932290458G,google,9693.75,64513169,5/3/2022
6/13/2023,GDP23061332313526E,ewallet,4166.666667,66102185,3/1/2023
6/1/2023,GDP23060132235594E,ewallet,4166.666667,66102185,3/1/2023
6/28/2023,GDP23062832411960E,ewallet,41666.66667,66102185,3/1/2023
6/22/2023,GDP23062232373011E,ewallet,41666.66667,66102185,3/1/2023
6/28/2023,GDP23062832411944E,ewallet,41666.66667,66102185,3/1/2023
6/27/2023,GDP23062732406046E,ewallet,4166.666667,66102185,3/1/2023
6/23/2023,GDP23062332380029E,ewallet,208333.3333,66102185,3/1/2023
6/11/2023,GDP23061132298044A,apple,9693.75,66442166,6/9/2023
6/12/2023,GDP23061232303678A,apple,9693.75,66442166,6/9/2023
6/10/2023,GDP23061032295346G,google,9693.75,66225327,6/10/2023
6/10/2023,GDP23061032295321E,ewallet,83333.33333,66225327,6/10/2023
6/10/2023,GDP23061032296571E,ewallet,41666.66667,66225327,6/10/2023
6/21/2023,GDP23062132365623C,card,41666.66667,66526927,6/20/2023
6/21/2023,GDP23062132360594C,card,8333.333333,66526927,6/20/2023
6/20/2023,GDP23062032358573C,card,8333.333333,66526927,6/20/2023
6/22/2023,GDP23062232367438C,card,8333.333333,66526927,6/20/2023
6/23/2023,GDP23062332375632C,card,8333.333333,66526927,6/20/2023
6/25/2023,GDP23062532387859C,card,8333.333333,66526927,6/20/2023
6/5/2023,GDP23060532258478E,ewallet,8333.333333,45230434,10/7/2020
6/3/2023,GDP23060332247984E,ewallet,208333.3333,45230434,10/7/2020
6/14/2023,GDP23061432314097B,bank,125000,173204,7/1/2022
6/14/2023,GDP23061432314246B,bank,125000,173204,7/1/2022
6/14/2023,GDP23061432314091B,bank,416666.6667,173204,7/1/2022
6/14/2023,GDP23061432314087B,bank,416666.6667,173204,7/1/2022
6/3/2023,GDP23060332247075B,bank,41666.66667,173204,7/1/2022
6/3/2023,GDP23060332247081B,bank,41666.66667,173204,7/1/2022
6/3/2023,GDP23060332247085B,bank,41666.66667,173204,7/1/2022
6/3/2023,GDP23060332247091B,bank,41666.66667,173204,7/1/2022
6/3/2023,GDP23060332247094B,bank,41666.66667,173204,7/1/2022
6/3/2023,GDP23060332247244B,bank,41666.66667,173204,7/1/2022
6/3/2023,GDP23060332247245B,bank,41666.66667,173204,7/1/2022
6/3/2023,GDP23060332247247B,bank,41666.66667,173204,7/1/2022
6/3/2023,GDP23060332247246B,bank,41666.66667,173204,7/1/2022
6/3/2023,GDP23060332247251B,bank,41666.66667,173204,7/1/2022
6/10/2023,GDP23061032291960B,bank,41666.66667,173204,7/1/2022
6/10/2023,GDP23061032291962B,bank,41666.66667,173204,7/1/2022
6/10/2023,GDP23061032291964B,bank,41666.66667,173204,7/1/2022
6/10/2023,GDP23061032291966B,bank,41666.66667,173204,7/1/2022
6/10/2023,GDP23061032291970B,bank,41666.66667,173204,7/1/2022
6/10/2023,GDP23061032291985B,bank,41666.66667,173204,7/1/2022
6/10/2023,GDP23061032291990B,bank,41666.66667,173204,7/1/2022
6/14/2023,GDP23061432314246B,bank,125000,173204,7/1/2022
6/11/2023,GDP23061132297317B,bank,416666.6667,173204,7/1/2022
6/11/2023,GDP23061132297320B,bank,416666.6667,173204,7/1/2022
6/14/2023,GDP23061432314245B,bank,416666.6667,173204,7/1/2022
6/24/2023,GDP23062432380398B,bank,41666.66667,173204,7/1/2022
6/21/2023,GDP23062132359621B,bank,41666.66667,173204,7/1/2022
6/17/2023,GDP23061732334539B,bank,41666.66667,173204,7/1/2022
6/17/2023,GDP23061732334546B,bank,41666.66667,173204,7/1/2022
6/17/2023,GDP23061732334544B,bank,41666.66667,173204,7/1/2022
6/17/2023,GDP23061732334543B,bank,41666.66667,173204,7/1/2022
6/17/2023,GDP23061732334541B,bank,41666.66667,173204,7/1/2022
6/17/2023,GDP23061732334552B,bank,41666.66667,173204,7/1/2022
6/17/2023,GDP23061732334555B,bank,41666.66667,173204,7/1/2022
6/21/2023,GDP23062132359622B,bank,208333.3333,173204,7/1/2022
6/25/2023,GDP23062532393410B,bank,416666.6667,173204,7/1/2022
6/25/2023,GDP23062532393414B,bank,416666.6667,173204,7/1/2022
6/21/2023,GDP23062132359612B,bank,416666.6667,173204,7/1/2022
6/18/2023,GDP23061832344334B,bank,416666.6667,173204,7/1/2022
6/18/2023,GDP23061832344342B,bank,416666.6667,173204,7/1/2022
6/21/2023,GDP23062132359607B,bank,416666.6667,173204,7/1/2022
6/21/2023,GDP23062132359600B,bank,416666.6667,173204,7/1/2022
6/24/2023,GDP23062432380401B,bank,41666.66667,173204,7/1/2022
6/24/2023,GDP23062432380405B,bank,41666.66667,173204,7/1/2022
6/24/2023,GDP23062432380398B,bank,41666.66667,173204,7/1/2022
6/9/2023,GDP23060932284460E,ewallet,20833.33333,47206330,10/5/2022
6/10/2023,GDP23061032291832E,ewallet,20833.33333,47206330,10/5/2022
6/11/2023,GDP23061132297246E,ewallet,20833.33333,47206330,10/5/2022
6/12/2023,GDP23061232302467E,ewallet,20833.33333,47206330,10/5/2022
6/9/2023,GDP23060932284467E,ewallet,4166.666667,47206330,10/5/2022
6/10/2023,GDP23061032291842E,ewallet,4166.666667,47206330,10/5/2022
6/11/2023,GDP23061132297248E,ewallet,4166.666667,47206330,10/5/2022
6/12/2023,GDP23061232302471E,ewallet,4166.666667,47206330,10/5/2022
6/2/2023,GDP23060232245232A,apple,146777.0833,33368153,3/12/2023
6/3/2023,GDP23060332247240A,apple,78235.41667,33368153,3/12/2023
6/3/2023,GDP23060332250753A,apple,489485.4167,33368153,3/12/2023
6/4/2023,GDP23060432253682A,apple,146777.0833,33368153,3/12/2023
6/5/2023,GDP23060532255522A,apple,146777.0833,33368153,3/12/2023
6/5/2023,GDP23060532255605A,apple,293652.0833,33368153,3/12/2023
6/5/2023,GDP23060532255606A,apple,146777.0833,33368153,3/12/2023
6/6/2023,GDP23060632261241A,apple,146777.0833,33368153,3/12/2023
6/6/2023,GDP23060632266283A,apple,78235.41667,33368153,3/12/2023
6/7/2023,GDP23060732269593A,apple,78235.41667,33368153,3/12/2023
6/8/2023,GDP23060832276528A,apple,78235.41667,33368153,3/12/2023
6/8/2023,GDP23060832276967A,apple,78235.41667,33368153,3/12/2023
6/10/2023,GDP23061032291909A,apple,78235.41667,33368153,3/12/2023
6/12/2023,GDP23061232302534A,apple,78235.41667,33368153,3/12/2023
6/13/2023,GDP23061332308286A,apple,146777.0833,33368153,3/12/2023
6/1/2023,GDP23060132236090A,apple,9693.75,33368153,3/12/2023
6/2/2023,GDP23060232242081A,apple,9693.75,33368153,3/12/2023
6/5/2023,GDP23060532255608A,apple,9693.75,33368153,3/12/2023
6/7/2023,GDP23060732269594A,apple,9693.75,33368153,3/12/2023
6/12/2023,GDP23061232302536A,apple,9693.75,33368153,3/12/2023
6/5/2023,GDP23060532255607A,apple,19485.41667,33368153,3/12/2023
6/7/2023,GDP23060732269566A,apple,19485.41667,33368153,3/12/2023
6/3/2023,GDP23060332250754A,apple,48860.41667,33368153,3/12/2023
6/7/2023,GDP23060732269564A,apple,48860.41667,33368153,3/12/2023
6/9/2023,GDP23060932284836A,apple,48860.41667,33368153,3/12/2023
6/11/2023,GDP23061132297003A,apple,48860.41667,33368153,3/12/2023
6/11/2023,GDP23061132297204A,apple,48860.41667,33368153,3/12/2023
6/14/2023,GDP23061432319176A,apple,146777.0833,33368153,3/12/2023
6/14/2023,GDP23061432319177A,apple,9693.75,33368153,3/12/2023
6/15/2023,GDP23061532319857A,apple,9693.75,33368153,3/12/2023
6/15/2023,GDP23061532319856A,apple,146777.0833,33368153,3/12/2023
6/16/2023,GDP23061632326781A,apple,293652.0833,33368153,3/12/2023
6/16/2023,GDP23061632326833A,apple,146777.0833,33368153,3/12/2023
6/30/2023,GDP23063032425901A,apple,146777.0833,33368153,3/12/2023
6/30/2023,GDP23063032425903A,apple,489485.4167,33368153,3/12/2023
6/26/2023,GDP23062632398833A,apple,489485.4167,33368153,3/12/2023
6/25/2023,GDP23062532393285A,apple,489485.4167,33368153,3/12/2023
6/19/2023,GDP23061932345714A,apple,489485.4167,33368153,3/12/2023
6/17/2023,GDP23061732334658A,apple,489485.4167,33368153,3/12/2023
6/18/2023,GDP23061832340808A,apple,489485.4167,33368153,3/12/2023
6/22/2023,GDP23062232370850A,apple,293652.0833,33368153,3/12/2023
6/19/2023,GDP23061932348258A,apple,293652.0833,33368153,3/12/2023
6/16/2023,GDP23061632331541A,apple,293652.0833,33368153,3/12/2023
6/29/2023,GDP23062932413144A,apple,146777.0833,33368153,3/12/2023
6/28/2023,GDP23062832406766A,apple,146777.0833,33368153,3/12/2023
6/26/2023,GDP23062632398830A,apple,146777.0833,33368153,3/12/2023
6/19/2023,GDP23061932351724A,apple,146777.0833,33368153,3/12/2023
6/20/2023,GDP23062032351948A,apple,146777.0833,33368153,3/12/2023
6/19/2023,GDP23061932345715A,apple,146777.0833,33368153,3/12/2023
6/18/2023,GDP23061832343621A,apple,146777.0833,33368153,3/12/2023
6/17/2023,GDP23061732338370A,apple,146777.0833,33368153,3/12/2023
6/21/2023,GDP23062132359410A,apple,146777.0833,33368153,3/12/2023
6/22/2023,GDP23062232370862A,apple,78235.41667,33368153,3/12/2023
6/16/2023,GDP23061632331544A,apple,78235.41667,33368153,3/12/2023
6/25/2023,GDP23062532392707A,apple,78235.41667,33368153,3/12/2023
6/30/2023,GDP23063032420450A,apple,146777.0833,33368153,3/12/2023
6/24/2023,GDP23062432380366A,apple,48860.41667,33368153,3/12/2023
6/19/2023,GDP23061932348265A,apple,48860.41667,33368153,3/12/2023
6/25/2023,GDP23062532392708A,apple,48860.41667,33368153,3/12/2023
6/29/2023,GDP23062932413140A,apple,9693.75,33368153,3/12/2023
6/28/2023,GDP23062832406763A,apple,9693.75,33368153,3/12/2023
6/22/2023,GDP23062232370884A,apple,9693.75,33368153,3/12/2023
6/21/2023,GDP23062132359407A,apple,9693.75,33368153,3/12/2023
6/22/2023,GDP23062232370878A,apple,19485.41667,33368153,3/12/2023
6/30/2023,GDP23063032425182A,apple,19485.41667,33368153,3/12/2023
6/16/2023,GDP23061632333784G,google,9693.75,66513983,6/16/2023
6/16/2023,GDP23061632329067C,card,208333.3333,47035368,9/10/2020
6/3/2023,GDP23060332248819C,card,208333.3333,47035368,9/10/2020
6/21/2023,GDP23062132365213C,card,8333.333333,47035368,9/10/2020
6/20/2023,GDP23062032358789C,card,208333.3333,47035368,9/10/2020
6/16/2023,GDP23061632326728C,card,208333.3333,61056100,9/15/2020
6/17/2023,GDP23061732339488C,card,208333.3333,61056100,9/15/2020
6/17/2023,GDP23061732339793E,ewallet,208333.3333,61056100,9/15/2020
6/26/2023,GDP23062632398808C,card,83333.33333,61056100,9/15/2020
6/27/2023,GDP23062732398851C,card,208333.3333,61056100,9/15/2020
6/6/2023,GDP23060632265816A,apple,9693.75,22370927,6/6/2023
6/7/2023,GDP23060732269475A,apple,9693.75,22370927,6/6/2023
6/9/2023,GDP23060932288831A,apple,9693.75,56989273,6/9/2023
6/10/2023,GDP23061032296198E,ewallet,4166.666667,56989273,6/9/2023
6/20/2023,GDP23062032351896E,ewallet,20833.33333,56989273,6/9/2023
6/20/2023,GDP23062032351900E,ewallet,4166.666667,56989273,6/9/2023
6/19/2023,GDP23061932350478E,ewallet,8333.333333,56989273,6/9/2023
6/4/2023,GDP23060432252130E,ewallet,416666.6667,19479600,4/28/2023
6/1/2023,GDP23060132242038E,ewallet,20833.33333,19479600,4/28/2023
6/3/2023,GDP23060332246951E,ewallet,208333.3333,19479600,4/28/2023
6/24/2023,GDP23062432380991B,bank,41666.66667,65351851,8/30/2022
6/24/2023,GDP23062432380987B,bank,125000,65351851,8/30/2022
6/24/2023,GDP23062432380989B,bank,125000,65351851,8/30/2022
6/13/2023,GDP23061332308323B,bank,125000,66087401,2/23/2023
6/13/2023,GDP23061332308321B,bank,416666.6667,66087401,2/23/2023
6/14/2023,GDP23061432314196B,bank,416666.6667,66087401,2/23/2023
6/14/2023,GDP23061432314189B,bank,416666.6667,66087401,2/23/2023
6/15/2023,GDP23061532319836B,bank,416666.6667,66087401,2/23/2023
6/15/2023,GDP23061532319903B,bank,416666.6667,66087401,2/23/2023
6/5/2023,GDP23060532255552B,bank,125000,66087401,2/23/2023
6/2/2023,GDP23060232242073B,bank,208333.3333,66087401,2/23/2023
6/11/2023,GDP23061132297066B,bank,125000,66087401,2/23/2023
6/12/2023,GDP23061232302910B,bank,208333.3333,66087401,2/23/2023
6/12/2023,GDP23061232302912B,bank,208333.3333,66087401,2/23/2023
6/12/2023,GDP23061232302913B,bank,208333.3333,66087401,2/23/2023
6/5/2023,GDP23060532259127B,bank,416666.6667,66087401,2/23/2023
6/5/2023,GDP23060532259157B,bank,416666.6667,66087401,2/23/2023
6/7/2023,GDP23060732269315B,bank,416666.6667,66087401,2/23/2023
6/7/2023,GDP23060732269370B,bank,416666.6667,66087401,2/23/2023
6/13/2023,GDP23061332308156A,apple,146777.0833,66087401,2/23/2023
6/14/2023,GDP23061432313964A,apple,19485.41667,66087401,2/23/2023
6/12/2023,GDP23061232302722A,apple,78235.41667,66087401,2/23/2023
6/11/2023,GDP23061132297660A,apple,48860.41667,66087401,2/23/2023
6/14/2023,GDP23061432313967E,ewallet,20833.33333,66087401,2/23/2023
6/16/2023,GDP23061632326541E,ewallet,125000,66087401,2/23/2023
6/16/2023,GDP23061632326545E,ewallet,208333.3333,66087401,2/23/2023
6/16/2023,GDP23061632326551E,ewallet,208333.3333,66087401,2/23/2023
6/16/2023,GDP23061632326961E,ewallet,41666.66667,66087401,2/23/2023
6/16/2023,GDP23061632326964E,ewallet,41666.66667,66087401,2/23/2023
6/16/2023,GDP23061632326965E,ewallet,41666.66667,66087401,2/23/2023
6/16/2023,GDP23061632326969E,ewallet,41666.66667,66087401,2/23/2023
6/16/2023,GDP23061632326977E,ewallet,41666.66667,66087401,2/23/2023
6/16/2023,GDP23061632326979E,ewallet,41666.66667,66087401,2/23/2023
6/16/2023,GDP23061632326989E,ewallet,208333.3333,66087401,2/23/2023
6/16/2023,GDP23061632326983E,ewallet,41666.66667,66087401,2/23/2023
6/1/2023,GDP23060132235752E,ewallet,83333.33333,66087401,2/23/2023
6/3/2023,GDP23060332246995E,ewallet,20833.33333,66087401,2/23/2023
6/3/2023,GDP23060332246998E,ewallet,20833.33333,66087401,2/23/2023
6/3/2023,GDP23060332247003E,ewallet,20833.33333,66087401,2/23/2023
6/3/2023,GDP23060332247007E,ewallet,20833.33333,66087401,2/23/2023
6/3/2023,GDP23060332247019E,ewallet,20833.33333,66087401,2/23/2023
6/3/2023,GDP23060332247026E,ewallet,20833.33333,66087401,2/23/2023
6/3/2023,GDP23060332247137E,ewallet,20833.33333,66087401,2/23/2023
6/3/2023,GDP23060332247140E,ewallet,20833.33333,66087401,2/23/2023
6/3/2023,GDP23060332247268E,ewallet,20833.33333,66087401,2/23/2023
6/3/2023,GDP23060332247272E,ewallet,41666.66667,66087401,2/23/2023
6/1/2023,GDP23060132235743E,ewallet,208333.3333,66087401,2/23/2023
6/3/2023,GDP23060332247265E,ewallet,208333.3333,66087401,2/23/2023
6/5/2023,GDP23060532259217E,ewallet,12500,66087401,2/23/2023
6/6/2023,GDP23060632261115E,ewallet,83333.33333,66087401,2/23/2023
6/5/2023,GDP23060532259213E,ewallet,20833.33333,66087401,2/23/2023
6/9/2023,GDP23060932284543E,ewallet,20833.33333,66087401,2/23/2023
6/10/2023,GDP23061032291808E,ewallet,20833.33333,66087401,2/23/2023
6/10/2023,GDP23061032291811E,ewallet,20833.33333,66087401,2/23/2023
6/10/2023,GDP23061032291819E,ewallet,20833.33333,66087401,2/23/2023
6/10/2023,GDP23061032291826E,ewallet,20833.33333,66087401,2/23/2023
6/10/2023,GDP23061032291833E,ewallet,20833.33333,66087401,2/23/2023
6/10/2023,GDP23061032291858E,ewallet,20833.33333,66087401,2/23/2023
6/10/2023,GDP23061032291860E,ewallet,20833.33333,66087401,2/23/2023
6/8/2023,GDP23060832276866E,ewallet,41666.66667,66087401,2/23/2023
6/10/2023,GDP23061032291854E,ewallet,41666.66667,66087401,2/23/2023
6/10/2023,GDP23061032292049E,ewallet,41666.66667,66087401,2/23/2023
6/10/2023,GDP23061032292052E,ewallet,41666.66667,66087401,2/23/2023
6/9/2023,GDP23060932286711E,ewallet,8333.333333,66087401,2/23/2023
6/7/2023,GDP23060732269676E,ewallet,125000,66087401,2/23/2023
6/9/2023,GDP23060932290250E,ewallet,125000,66087401,2/23/2023
6/5/2023,GDP23060532260755E,ewallet,208333.3333,66087401,2/23/2023
6/6/2023,GDP23060632261107E,ewallet,208333.3333,66087401,2/23/2023
6/6/2023,GDP23060632261116E,ewallet,208333.3333,66087401,2/23/2023
6/6/2023,GDP23060632269038E,ewallet,208333.3333,66087401,2/23/2023
6/7/2023,GDP23060732269675E,ewallet,208333.3333,66087401,2/23/2023
6/11/2023,GDP23061132296988E,ewallet,208333.3333,66087401,2/23/2023
6/11/2023,GDP23061132297002E,ewallet,208333.3333,66087401,2/23/2023
6/8/2023,GDP23060832276962E,ewallet,416666.6667,66087401,2/23/2023
6/8/2023,GDP23060832276971E,ewallet,416666.6667,66087401,2/23/2023
6/9/2023,GDP23060932284461E,ewallet,416666.6667,66087401,2/23/2023
6/9/2023,GDP23060932284483E,ewallet,416666.6667,66087401,2/23/2023
6/9/2023,GDP23060932284491E,ewallet,416666.6667,66087401,2/23/2023
6/10/2023,GDP23061032292079E,ewallet,416666.6667,66087401,2/23/2023
6/28/2023,GDP23062832406869A,apple,48860.41667,66087401,2/23/2023
6/27/2023,GDP23062732398915E,ewallet,83333.33333,66087401,2/23/2023
6/24/2023,GDP23062432385452E,ewallet,20833.33333,66087401,2/23/2023
6/24/2023,GDP23062432385456E,ewallet,20833.33333,66087401,2/23/2023
6/24/2023,GDP23062432385464E,ewallet,20833.33333,66087401,2/23/2023
6/24/2023,GDP23062432385476E,ewallet,20833.33333,66087401,2/23/2023
6/24/2023,GDP23062432385480E,ewallet,20833.33333,66087401,2/23/2023
6/24/2023,GDP23062432385519E,ewallet,20833.33333,66087401,2/23/2023
6/21/2023,GDP23062132359481E,ewallet,41666.66667,66087401,2/23/2023
6/23/2023,GDP23062332374060E,ewallet,125000,66087401,2/23/2023
6/23/2023,GDP23062332374070E,ewallet,125000,66087401,2/23/2023
6/23/2023,GDP23062332374074E,ewallet,125000,66087401,2/23/2023
6/23/2023,GDP23062332374078E,ewallet,125000,66087401,2/23/2023
6/23/2023,GDP23062332373409E,ewallet,125000,66087401,2/23/2023
6/23/2023,GDP23062332373293E,ewallet,125000,66087401,2/23/2023
6/23/2023,GDP23062332373298E,ewallet,125000,66087401,2/23/2023
6/20/2023,GDP23062032352014E,ewallet,125000,66087401,2/23/2023
6/30/2023,GDP23063032420655E,ewallet,125000,66087401,2/23/2023
6/30/2023,GDP23063032420652E,ewallet,125000,66087401,2/23/2023
6/26/2023,GDP23062632393887E,ewallet,208333.3333,66087401,2/23/2023
6/25/2023,GDP23062532386742E,ewallet,208333.3333,66087401,2/23/2023
6/25/2023,GDP23062532386746E,ewallet,208333.3333,66087401,2/23/2023
6/24/2023,GDP23062432385534E,ewallet,208333.3333,66087401,2/23/2023
6/24/2023,GDP23062432380474E,ewallet,208333.3333,66087401,2/23/2023
6/24/2023,GDP23062432380477E,ewallet,208333.3333,66087401,2/23/2023
6/24/2023,GDP23062432380479E,ewallet,208333.3333,66087401,2/23/2023
6/23/2023,GDP23062332374057E,ewallet,208333.3333,66087401,2/23/2023
6/19/2023,GDP23061932345688E,ewallet,208333.3333,66087401,2/23/2023
6/19/2023,GDP23061932345692E,ewallet,208333.3333,66087401,2/23/2023
6/18/2023,GDP23061832340513E,ewallet,208333.3333,66087401,2/23/2023
6/18/2023,GDP23061832340518E,ewallet,208333.3333,66087401,2/23/2023
6/23/2023,GDP23062332374861E,ewallet,208333.3333,66087401,2/23/2023
6/23/2023,GDP23062332374884E,ewallet,208333.3333,66087401,2/23/2023
6/30/2023,GDP23063032420669E,ewallet,208333.3333,66087401,2/23/2023
6/30/2023,GDP23063032420672E,ewallet,208333.3333,66087401,2/23/2023
6/29/2023,GDP23062932413457E,ewallet,416666.6667,66087401,2/23/2023
6/26/2023,GDP23062632393522E,ewallet,416666.6667,66087401,2/23/2023
6/22/2023,GDP23062232366718E,ewallet,416666.6667,66087401,2/23/2023
6/22/2023,GDP23062232366733E,ewallet,416666.6667,66087401,2/23/2023
6/29/2023,GDP23062932414827E,ewallet,416666.6667,66087401,2/23/2023
6/17/2023,GDP23061732334606E,ewallet,20833.33333,66087401,2/23/2023
6/17/2023,GDP23061732334486E,ewallet,20833.33333,66087401,2/23/2023
6/17/2023,GDP23061732334490E,ewallet,20833.33333,66087401,2/23/2023
6/17/2023,GDP23061732334487E,ewallet,20833.33333,66087401,2/23/2023
6/17/2023,GDP23061732334491E,ewallet,20833.33333,66087401,2/23/2023
6/17/2023,GDP23061732334492E,ewallet,20833.33333,66087401,2/23/2023
6/17/2023,GDP23061732334505E,ewallet,41666.66667,66087401,2/23/2023
6/17/2023,GDP23061732334507E,ewallet,41666.66667,66087401,2/23/2023
6/17/2023,GDP23061732334510E,ewallet,41666.66667,66087401,2/23/2023
6/17/2023,GDP23061732334514E,ewallet,41666.66667,66087401,2/23/2023
6/17/2023,GDP23061732334516E,ewallet,125000,66087401,2/23/2023
6/17/2023,GDP23061732334605E,ewallet,208333.3333,66087401,2/23/2023
6/16/2023,GDP23061632333257G,google,9693.75,66112272,6/16/2023
6/3/2023,GDP23060332248650E,ewallet,208333.3333,61438456,10/9/2020
6/3/2023,GDP23060332251112E,ewallet,4166.666667,61438456,10/9/2020
6/3/2023,GDP23060332248759E,ewallet,208333.3333,8812776,10/10/2020
6/12/2023,GDP23061232307887E,ewallet,8333.333333,61916117,12/11/2020
6/12/2023,GDP23061232307883E,ewallet,208333.3333,61916117,12/11/2020
6/10/2023,GDP23061032295087E,ewallet,41666.66667,61916117,12/11/2020
6/10/2023,GDP23061032295085E,ewallet,41666.66667,61916117,12/11/2020
6/10/2023,GDP23061032295088E,ewallet,41666.66667,61916117,12/11/2020
6/10/2023,GDP23061032295091E,ewallet,41666.66667,61916117,12/11/2020
6/10/2023,GDP23061032295093E,ewallet,41666.66667,61916117,12/11/2020
6/10/2023,GDP23061032295094E,ewallet,41666.66667,61916117,12/11/2020
6/10/2023,GDP23061032295099E,ewallet,41666.66667,61916117,12/11/2020
6/10/2023,GDP23061032295095E,ewallet,41666.66667,61916117,12/11/2020
6/10/2023,GDP23061032295101E,ewallet,41666.66667,61916117,12/11/2020
6/10/2023,GDP23061032295097E,ewallet,41666.66667,61916117,12/11/2020
6/24/2023,GDP23062432385622A,apple,48860.41667,66260070,5/6/2023
6/25/2023,GDP23062532391327A,apple,48860.41667,66260070,5/6/2023
6/27/2023,GDP23062732403575A,apple,9693.75,66260070,5/6/2023
6/25/2023,GDP23062532387216A,apple,9693.75,66260070,5/6/2023
6/24/2023,GDP23062432385651A,apple,9693.75,66260070,5/6/2023
6/24/2023,GDP23062432384239A,apple,9693.75,66260070,5/6/2023
6/26/2023,GDP23062632394227A,apple,9693.75,66260070,5/6/2023
6/28/2023,GDP23062832407290A,apple,9693.75,66260070,5/6/2023
6/29/2023,GDP23062932413777A,apple,9693.75,66260070,5/6/2023
6/23/2023,GDP23062332379550A,apple,19485.41667,66260070,5/6/2023
6/3/2023,GDP23060332248218E,ewallet,41666.66667,66174545,4/14/2023
6/3/2023,GDP23060332248219E,ewallet,41666.66667,66174545,4/14/2023
6/3/2023,GDP23060332248225E,ewallet,41666.66667,66174545,4/14/2023
6/3/2023,GDP23060332248222E,ewallet,41666.66667,66174545,4/14/2023
6/3/2023,GDP23060332248228E,ewallet,41666.66667,66174545,4/14/2023
6/3/2023,GDP23060332248230E,ewallet,41666.66667,66174545,4/14/2023
6/3/2023,GDP23060332248234E,ewallet,41666.66667,66174545,4/14/2023
6/3/2023,GDP23060332248242E,ewallet,41666.66667,66174545,4/14/2023
6/3/2023,GDP23060332248248E,ewallet,41666.66667,66174545,4/14/2023
6/3/2023,GDP23060332248250E,ewallet,41666.66667,66174545,4/14/2023
6/6/2023,GDP23060632262444E,ewallet,41666.66667,66174545,4/14/2023
6/6/2023,GDP23060632262450E,ewallet,41666.66667,66174545,4/14/2023
6/7/2023,GDP23060732272134E,ewallet,41666.66667,66174545,4/14/2023
6/9/2023,GDP23060932287617E,ewallet,41666.66667,66174545,4/14/2023
6/10/2023,GDP23061032293558E,ewallet,41666.66667,66174545,4/14/2023
6/10/2023,GDP23061032293566E,ewallet,41666.66667,66174545,4/14/2023
6/10/2023,GDP23061032293568E,ewallet,41666.66667,66174545,4/14/2023
6/10/2023,GDP23061032293571E,ewallet,41666.66667,66174545,4/14/2023
6/10/2023,GDP23061032293576E,ewallet,41666.66667,66174545,4/14/2023
6/10/2023,GDP23061032293579E,ewallet,41666.66667,66174545,4/14/2023
6/10/2023,GDP23061032293581E,ewallet,41666.66667,66174545,4/14/2023
6/10/2023,GDP23061032293591E,ewallet,41666.66667,66174545,4/14/2023
6/10/2023,GDP23061032293587E,ewallet,41666.66667,66174545,4/14/2023
6/10/2023,GDP23061032293594E,ewallet,41666.66667,66174545,4/14/2023
6/11/2023,GDP23061132298529E,ewallet,41666.66667,66174545,4/14/2023
6/13/2023,GDP23061332310192E,ewallet,41666.66667,66174545,4/14/2023
6/13/2023,GDP23061332310194E,ewallet,41666.66667,66174545,4/14/2023
6/14/2023,GDP23061432316167E,ewallet,41666.66667,66174545,4/14/2023
6/8/2023,GDP23060832278355E,ewallet,125000,66174545,4/14/2023
6/2/2023,GDP23060232243746E,ewallet,208333.3333,66174545,4/14/2023
6/4/2023,GDP23060432252638E,ewallet,208333.3333,66174545,4/14/2023
6/4/2023,GDP23060432252642E,ewallet,208333.3333,66174545,4/14/2023
6/5/2023,GDP23060532255537E,ewallet,208333.3333,66174545,4/14/2023
6/5/2023,GDP23060532260760E,ewallet,208333.3333,66174545,4/14/2023
6/12/2023,GDP23061232304479E,ewallet,208333.3333,66174545,4/14/2023
6/1/2023,GDP23060132238100E,ewallet,416666.6667,66174545,4/14/2023
6/15/2023,GDP23061532321349E,ewallet,41666.66667,66174545,4/14/2023
6/16/2023,GDP23061632327820E,ewallet,208333.3333,66174545,4/14/2023
6/16/2023,GDP23061632328279E,ewallet,208333.3333,66174545,4/14/2023
6/16/2023,GDP23061632328286E,ewallet,125000,66174545,4/14/2023
6/29/2023,GDP23062932414959E,ewallet,41666.66667,66174545,4/14/2023
6/24/2023,GDP23062432381275E,ewallet,41666.66667,66174545,4/14/2023
6/24/2023,GDP23062432381280E,ewallet,41666.66667,66174545,4/14/2023
6/24/2023,GDP23062432381282E,ewallet,41666.66667,66174545,4/14/2023
6/24/2023,GDP23062432381278E,ewallet,41666.66667,66174545,4/14/2023
6/24/2023,GDP23062432381285E,ewallet,41666.66667,66174545,4/14/2023
6/24/2023,GDP23062432381291E,ewallet,41666.66667,66174545,4/14/2023
6/24/2023,GDP23062432381292E,ewallet,41666.66667,66174545,4/14/2023
6/24/2023,GDP23062432381290E,ewallet,41666.66667,66174545,4/14/2023
6/24/2023,GDP23062432381289E,ewallet,41666.66667,66174545,4/14/2023
6/24/2023,GDP23062432381284E,ewallet,41666.66667,66174545,4/14/2023
6/22/2023,GDP23062232368469E,ewallet,41666.66667,66174545,4/14/2023
6/22/2023,GDP23062232368475E,ewallet,41666.66667,66174545,4/14/2023
6/20/2023,GDP23062032353998E,ewallet,41666.66667,66174545,4/14/2023
6/20/2023,GDP23062032354004E,ewallet,41666.66667,66174545,4/14/2023
6/17/2023,GDP23061732336072E,ewallet,41666.66667,66174545,4/14/2023
6/17/2023,GDP23061732336079E,ewallet,41666.66667,66174545,4/14/2023
6/17/2023,GDP23061732336082E,ewallet,41666.66667,66174545,4/14/2023
6/17/2023,GDP23061732336086E,ewallet,41666.66667,66174545,4/14/2023
6/17/2023,GDP23061732336088E,ewallet,41666.66667,66174545,4/14/2023
6/17/2023,GDP23061732336094E,ewallet,41666.66667,66174545,4/14/2023
6/17/2023,GDP23061732336103E,ewallet,41666.66667,66174545,4/14/2023
6/17/2023,GDP23061732336107E,ewallet,41666.66667,66174545,4/14/2023
6/17/2023,GDP23061732336114E,ewallet,41666.66667,66174545,4/14/2023
6/17/2023,GDP23061732336112E,ewallet,41666.66667,66174545,4/14/2023
6/21/2023,GDP23062132362354E,ewallet,41666.66667,66174545,4/14/2023
6/26/2023,GDP23062632393904E,ewallet,208333.3333,66174545,4/14/2023
6/22/2023,GDP23062232368463E,ewallet,208333.3333,66174545,4/14/2023
6/19/2023,GDP23061932351683E,ewallet,208333.3333,66174545,4/14/2023
6/19/2023,GDP23061932351689E,ewallet,208333.3333,66174545,4/14/2023
6/19/2023,GDP23061932345589E,ewallet,208333.3333,66174545,4/14/2023
6/19/2023,GDP23061932345590E,ewallet,208333.3333,66174545,4/14/2023
6/18/2023,GDP23061832341643E,ewallet,208333.3333,66174545,4/14/2023
6/18/2023,GDP23061832341647E,ewallet,208333.3333,66174545,4/14/2023
6/10/2023,GDP23061032293238E,ewallet,41666.66667,22125126,9/12/2020
6/13/2023,GDP23061332311556C,card,20833.33333,65423095,9/28/2022
6/27/2023,GDP23062732400750G,google,19485.41667,66553993,6/27/2023
6/14/2023,GDP23061432315736E,ewallet,83333.33333,61690738,10/31/2020
6/14/2023,GDP23061432315795E,ewallet,8333.333333,61690738,10/31/2020
6/14/2023,GDP23061432317593G,google,9693.75,58048661,12/19/2020
6/10/2023,GDP23061032295232G,google,9693.75,58048661,12/19/2020
6/11/2023,GDP23061132298368G,google,9693.75,58048661,12/19/2020
6/12/2023,GDP23061232302520G,google,9693.75,58048661,12/19/2020
6/13/2023,GDP23061332308086G,google,9693.75,58048661,12/19/2020
6/13/2023,GDP23061332308122G,google,48860.41667,58048661,12/19/2020
6/15/2023,GDP23061532321050G,google,9693.75,58048661,12/19/2020
6/3/2023,GDP23060332247644C,card,41666.66667,63016888,5/31/2021
6/7/2023,GDP23060732274302C,card,20833.33333,66435539,6/7/2023
6/1/2023,GDP23060132240931C,card,83333.33333,66266872,5/8/2023
6/4/2023,GDP23060432251200C,card,20833.33333,66266872,5/8/2023
6/9/2023,GDP23060932290424C,card,20833.33333,66266872,5/8/2023
6/10/2023,GDP23061032295995C,card,20833.33333,66266872,5/8/2023
6/11/2023,GDP23061132297021C,card,20833.33333,66266872,5/8/2023
6/6/2023,GDP23060632267730C,card,41666.66667,66266872,5/8/2023
6/10/2023,GDP23061032296231C,card,4166.666667,66266872,5/8/2023
6/13/2023,GDP23061332312510C,card,8333.333333,66266872,5/8/2023
6/1/2023,GDP23060132240935C,card,8333.333333,66266872,5/8/2023
6/8/2023,GDP23060832282477C,card,8333.333333,66266872,5/8/2023
6/10/2023,GDP23061032296226C,card,8333.333333,66266872,5/8/2023
6/12/2023,GDP23061232306746C,card,8333.333333,66266872,5/8/2023
6/14/2023,GDP23061432318705C,card,8333.333333,66266872,5/8/2023
6/15/2023,GDP23061532324864C,card,8333.333333,66266872,5/8/2023
6/27/2023,GDP23062732404955C,card,8333.333333,66266872,5/8/2023
6/23/2023,GDP23062332379244C,card,8333.333333,66266872,5/8/2023
6/19/2023,GDP23061932350291C,card,8333.333333,66266872,5/8/2023
6/20/2023,GDP23062032357601C,card,8333.333333,66266872,5/8/2023
6/21/2023,GDP23062132365367C,card,8333.333333,66266872,5/8/2023
6/29/2023,GDP23062932418814C,card,8333.333333,66266872,5/8/2023
6/30/2023,GDP23063032425215C,card,8333.333333,66266872,5/8/2023
6/22/2023,GDP23062232371988C,card,4166.666667,66266872,5/8/2023
6/28/2023,GDP23062832412053C,card,8333.333333,66266872,5/8/2023
6/24/2023,GDP23062432385314C,card,8333.333333,66266872,5/8/2023
6/18/2023,GDP23061832343774C,card,8333.333333,66266872,5/8/2023
6/22/2023,GDP23062232371975C,card,8333.333333,66266872,5/8/2023
6/22/2023,GDP23062232371981C,card,8333.333333,66266872,5/8/2023
6/25/2023,GDP23062532386536C,card,8333.333333,66266872,5/8/2023
6/2/2023,GDP23060232244555C,card,83333.33333,66408310,5/28/2023
6/2/2023,GDP23060232245702C,card,83333.33333,66408310,5/28/2023
6/1/2023,GDP23060132240325C,card,20833.33333,66408310,5/28/2023
6/3/2023,GDP23060332249022C,card,20833.33333,66408310,5/28/2023
6/3/2023,GDP23060332249945C,card,20833.33333,66408310,5/28/2023
6/12/2023,GDP23061232306980C,card,20833.33333,66408310,5/28/2023
6/2/2023,GDP23060232245707C,card,41666.66667,66408310,5/28/2023
6/3/2023,GDP23060332249931C,card,41666.66667,66408310,5/28/2023
6/11/2023,GDP23061132298380C,card,41666.66667,66408310,5/28/2023
6/2/2023,GDP23060232244529C,card,208333.3333,66408310,5/28/2023
6/2/2023,GDP23060232245794C,card,208333.3333,66408310,5/28/2023
6/3/2023,GDP23060332249015C,card,208333.3333,66408310,5/28/2023
6/9/2023,GDP23060932285394C,card,208333.3333,66408310,5/28/2023
6/9/2023,GDP23060932285461C,card,208333.3333,66408310,5/28/2023
6/9/2023,GDP23060932288448C,card,208333.3333,66408310,5/28/2023
6/11/2023,GDP23061132297398C,card,208333.3333,66408310,5/28/2023
6/11/2023,GDP23061132297401C,card,208333.3333,66408310,5/28/2023
6/11/2023,GDP23061132298371C,card,208333.3333,66408310,5/28/2023
6/1/2023,GDP23060132240711C,card,416666.6667,66408310,5/28/2023
6/7/2023,GDP23060732270133C,card,416666.6667,66408310,5/28/2023
6/15/2023,GDP23061532324248C,card,416666.6667,66408310,5/28/2023
6/5/2023,GDP23060532258930E,ewallet,208333.3333,66408310,5/28/2023
6/5/2023,GDP23060532259291E,ewallet,208333.3333,66408310,5/28/2023
6/14/2023,GDP23061432318032E,ewallet,416666.6667,66408310,5/28/2023
6/23/2023,GDP23062332374235C,card,83333.33333,66408310,5/28/2023
6/22/2023,GDP23062232367614C,card,41666.66667,66408310,5/28/2023
6/22/2023,GDP23062232367628C,card,41666.66667,66408310,5/28/2023
6/22/2023,GDP23062232367586C,card,208333.3333,66408310,5/28/2023
6/18/2023,GDP23061832343926C,card,208333.3333,66408310,5/28/2023
6/18/2023,GDP23061832343976C,card,208333.3333,66408310,5/28/2023
6/23/2023,GDP23062332374232C,card,208333.3333,66408310,5/28/2023
6/27/2023,GDP23062732402791E,ewallet,208333.3333,66408310,5/28/2023
6/15/2023,GDP23061532322103G,google,9693.75,66174490,4/14/2023
6/30/2023,GDP23063032423597E,ewallet,208333.3333,66174568,4/14/2023
6/30/2023,GDP23063032423450E,ewallet,208333.3333,66174568,4/14/2023
6/26/2023,GDP23062632397615A,apple,9693.75,66551987,6/26/2023
6/26/2023,GDP23062632395302C,card,41666.66667,62503345,3/13/2021
6/24/2023,GDP23062432385346C,card,41666.66667,62503345,3/13/2021
6/28/2023,GDP23062832407571C,card,41666.66667,62503345,3/13/2021
6/23/2023,GDP23062332373432C,card,208333.3333,62503345,3/13/2021
6/23/2023,GDP23062332373262C,card,208333.3333,62503345,3/13/2021
6/23/2023,GDP23062332373323C,card,208333.3333,62503345,3/13/2021
6/4/2023,GDP23060432253815E,ewallet,83333.33333,7991753,4/25/2021
6/11/2023,GDP23061132298181E,ewallet,4166.666667,7991753,4/25/2021
6/4/2023,GDP23060432253818E,ewallet,208333.3333,7991753,4/25/2021
6/12/2023,GDP23061232304176E,ewallet,208333.3333,65258151,7/30/2022
6/14/2023,GDP23061432315221E,ewallet,208333.3333,65258151,7/30/2022
6/14/2023,GDP23061432315233E,ewallet,208333.3333,65258151,7/30/2022
6/14/2023,GDP23061432315399E,ewallet,208333.3333,65258151,7/30/2022
6/14/2023,GDP23061432315426E,ewallet,208333.3333,65258151,7/30/2022
6/29/2023,GDP23062932413408E,ewallet,41666.66667,65258151,7/30/2022
6/17/2023,GDP23061732338109E,ewallet,41666.66667,65258151,7/30/2022
6/26/2023,GDP23062632395578E,ewallet,208333.3333,65258151,7/30/2022
6/26/2023,GDP23062632394668E,ewallet,208333.3333,65258151,7/30/2022
6/26/2023,GDP23062632394686E,ewallet,208333.3333,65258151,7/30/2022
6/16/2023,GDP23061632331058E,ewallet,208333.3333,65258151,7/30/2022
6/16/2023,GDP23061632331068E,ewallet,208333.3333,65258151,7/30/2022
6/16/2023,GDP23061632331077E,ewallet,208333.3333,65258151,7/30/2022
6/30/2023,GDP23063032420908E,ewallet,208333.3333,65258151,7/30/2022
6/16/2023,GDP23061632329077E,ewallet,8333.333333,61019236,9/12/2020
6/19/2023,GDP23061932345816E,ewallet,8333.333333,61019236,9/12/2020
6/26/2023,GDP23062632394330E,ewallet,8333.333333,61019236,9/12/2020
6/24/2023,GDP23062432380250E,ewallet,8333.333333,61019236,9/12/2020
6/17/2023,GDP23061732334998E,ewallet,8333.333333,61019236,9/12/2020
6/18/2023,GDP23061832340651E,ewallet,8333.333333,61019236,9/12/2020
6/23/2023,GDP23062332377974E,ewallet,8333.333333,61019236,9/12/2020
6/25/2023,GDP23062532386610E,ewallet,8333.333333,61019236,9/12/2020
6/21/2023,GDP23062132365256A,apple,9693.75,64329818,6/14/2022
6/25/2023,GDP23062532391219C,card,20833.33333,65480390,10/17/2022
6/26/2023,GDP23062632394111C,card,20833.33333,65480390,10/17/2022
6/24/2023,GDP23062432380221C,card,41666.66667,65480390,10/17/2022
6/21/2023,GDP23062132361536C,card,8333.333333,65480390,10/17/2022
6/19/2023,GDP23061932345957C,card,8333.333333,65480390,10/17/2022
6/18/2023,GDP23061832344111C,card,8333.333333,65480390,10/17/2022
6/20/2023,GDP23062032352318C,card,8333.333333,65480390,10/17/2022
6/25/2023,GDP23062532391237C,card,8333.333333,65480390,10/17/2022
6/26/2023,GDP23062632394114C,card,8333.333333,65480390,10/17/2022
6/23/2023,GDP23062332377026C,card,208333.3333,65480390,10/17/2022
6/28/2023,GDP23062832409936C,card,4166.666667,64145900,3/21/2023
6/9/2023,GDP23060932290915A,apple,9693.75,66481950,6/9/2023
6/9/2023,GDP23060932290925A,apple,9693.75,66481950,6/9/2023
6/1/2023,GDP23060132241769E,ewallet,4166.666667,66299173,5/15/2023
6/2/2023,GDP23060232245946E,ewallet,4166.666667,66299173,5/15/2023
6/3/2023,GDP23060332248941E,ewallet,4166.666667,66299173,5/15/2023
6/10/2023,GDP23061032296654E,ewallet,4166.666667,66299173,5/15/2023
6/3/2023,GDP23060332249451E,ewallet,8333.333333,66299173,5/15/2023
6/3/2023,GDP23060332249815E,ewallet,8333.333333,66299173,5/15/2023
6/12/2023,GDP23061232307510E,ewallet,208333.3333,66299173,5/15/2023
6/19/2023,GDP23061932350965E,ewallet,20833.33333,66299173,5/15/2023
6/16/2023,GDP23061632332430E,ewallet,41666.66667,66299173,5/15/2023
6/19/2023,GDP23061932351519E,ewallet,41666.66667,66299173,5/15/2023
6/18/2023,GDP23061832340833E,ewallet,208333.3333,66299173,5/15/2023
6/9/2023,GDP23060932289017G,google,9693.75,66412909,5/29/2023
6/16/2023,GDP23061632330546E,ewallet,208333.3333,66174123,4/14/2023
6/1/2023,GDP23060132236266E,ewallet,83333.33333,66174123,4/14/2023
6/1/2023,GDP23060132236267E,ewallet,20833.33333,66174123,4/14/2023
6/1/2023,GDP23060132236269E,ewallet,4166.666667,66174123,4/14/2023
6/8/2023,GDP23060832277187E,ewallet,125000,66174123,4/14/2023
6/3/2023,GDP23060332247711E,ewallet,208333.3333,66174123,4/14/2023
6/24/2023,GDP23062432382667E,ewallet,41666.66667,66174123,4/14/2023
6/24/2023,GDP23062432382672E,ewallet,41666.66667,66174123,4/14/2023
6/23/2023,GDP23062332373305E,ewallet,208333.3333,66174123,4/14/2023
6/12/2023,GDP23061232307030E,ewallet,83333.33333,62357328,2/17/2021
6/12/2023,GDP23061232307247E,ewallet,20833.33333,62357328,2/17/2021
6/13/2023,GDP23061332310682E,ewallet,20833.33333,62357328,2/17/2021
6/11/2023,GDP23061132302325E,ewallet,4166.666667,62357328,2/17/2021
6/11/2023,GDP23061132297408E,ewallet,8333.333333,62357328,2/17/2021
6/22/2023,GDP23062232368489G,google,9693.75,66506857,6/22/2023
6/23/2023,GDP23062332379827G,google,9693.75,65347115,6/23/2023
6/15/2023,GDP23061532324259C,card,83333.33333,66088024,2/23/2023
6/11/2023,GDP23061132297982G,google,9693.75,66088024,2/23/2023
6/11/2023,GDP23061132300027G,google,9693.75,66088024,2/23/2023
6/14/2023,GDP23061432318757G,google,9693.75,66088024,2/23/2023
6/15/2023,GDP23061532325332G,google,9693.75,66088024,2/23/2023
6/28/2023,GDP23062832411510G,google,9693.75,66088024,2/23/2023
6/28/2023,GDP23062832411507G,google,19485.41667,66088024,2/23/2023
6/26/2023,GDP23062632396811G,google,19485.41667,66088024,2/23/2023
